"","guid","data_level","data_industry","data_function","X1","X2","X3","X4","X5","X6","X7","X8","X9","X10"
"1","R5z6fSegIM","Individual Contributor","Financial Services","General Management",1.90624841153398,-1.07629125256238,0.626102284157632,-0.255381909448499,-0.905830181110368,0.0978142464609454,2.03067134822418,0.215272268444893,-0.118240344873297,-1.58767386521363
"2","V14BrxHj93","Individual Contributor","Communications","Human Resources",0.611345460830063,1.20424221394446,-0.0607471757617927,0.973814261543903,-0.170373282138731,0.442504962022844,-0.471782286343115,0.35446276730542,0.296146071178535,-0.538135042288332
"3","hT6trpxNSR","Supervisor","Communications","General Management",1.6913889598295,-0.0915326828119813,1.89659073775116,0.105724844063503,-0.42717645042678,-0.821300380212666,1.21055162819517,0.141201299092849,0.744234876818762,1.3159012978643
"4","9geRDU5zKA","Functional Leader","Communications","Operations",0.665579755017365,0.0864965604757615,0.781140649991334,0.0951711990346957,0.876434019298339,-0.128884161154682,2.48179591069558,0.746745333863187,-0.514507043685859,-0.00822346172321745
"5","JeN4KEgYsa","Individual Contributor","Retail","Operations",-1.23409412060034,-0.720413176133163,-0.461457336795881,0.396122861804382,1.05531049239394,-0.299908710566892,0.118803972705219,2.0297175104353,-0.199229206958707,-0.346077551188386
"6","WqQghXx2vr","Supervisor","Communications","Operations",-0.58566256794334,-0.33650061874819,0.497891460638772,-0.756932004191743,-0.113108527355844,-0.70302746477026,-1.64057421835202,-0.410528707762647,1.31497100377816,-1.35989497087614
"7","rKo3EqC7xS","Supervisor","Consumer Goods","Operations",0.503003668432697,0.552000156710342,0.59853433632683,0.983120223953096,-0.364154193216043,0.764662727104652,-0.193644228234843,-0.276946230142519,-1.3854843605024,1.7958943410857
"8","OQ6wpKYbUV","Mid-level Manager","Healthcare","Administrative Services",-0.575329220232858,0.108624351291149,-0.00837604784211583,-0.605190927609612,-1.04920054120772,-0.308785228564478,0.918388281723776,0.031727755686853,0.381097199704472,0.77464024001474
"9","6qBTRAINPZ","Functional Leader","Communications","Marketing",0.79313570016822,-1.25536647241833,-0.649704061508425,0.207786781317165,1.62258595342663,-0.0790147661379789,-0.960444634434167,0.911337764018251,1.1432534548231,-0.742461775432778
"10","qirLkGXeOt","Supervisor","Retail","Marketing",2.50529907464595,-0.988122862175481,-0.208629625607601,1.09216844713277,0.91156344138918,0.0929912089651687,0.905966463838426,-1.20348532771085,0.380067665452054,-0.901282622476798
"11","xvpd9gsqoV","Individual Contributor","Government","Sales",-0.810632041900405,1.45126932321947,0.73646179761474,-0.233649442684302,-0.0671910555478715,-0.63132743401114,-1.45196358144491,0.214375629137095,1.21447775729889,-0.881616226478735
"12","ey5d1mpZUs","Mid-level Manager","Communications","Human Resources",0.0990329538252531,-2.3420917866778,-2.18191826103497,-0.791653202389948,-1.00996584514602,-0.275100309793443,-0.116439892715127,-0.722423042446395,-0.14824167389368,-0.269724968191669
"13","rZptUa3oAE","Individual Contributor","Retail","Marketing",0.0616018326564368,-1.44130203214511,-1.20750385875194,-1.21078752930382,-0.887758064142693,-0.212921747873524,0.394139693173562,-0.140130820271924,-0.673179751563412,-2.42150436836095
"14","nzsAXoLJKV","Individual Contributor","Healthcare","Human Resources",0.59269094726386,-1.88584967011735,-0.428786956890692,0.259134695114924,-1.18150114086327,-0.62416383536594,0.263634212449204,-0.802944358525614,-1.4717791516435,1.4055808190882
"15","adplPOweKx","Mid-level Manager","Financial Services","Operations",-1.61320340962157,-0.593508826687417,-0.116442898068742,-1.05521169428093,0.0944209757790412,-1.0025483891761,0.309246959994951,-1.08685639782026,-1.61515597201628,0.887997697252664
"16","B72IQLgbC8","Supervisor","Consumer Goods","Operations",-0.596774389845358,0.598882484074231,0.806206653792747,2.35547903205613,-0.337283259405648,-0.0303463917571225,1.64276499909575,-0.639874154877028,0.11476533490047,-0.0121437278066632
"17","KXNYxZJn2W","Supervisor","Healthcare","Legal",-0.51350028885886,-0.590400723053042,0.192885195022054,0.181579594074888,1.8476584231426,0.324524876240745,0.874033652404309,1.47254168416779,0.775711165144333,-0.0241139136873427
"18","NFREfYjlKh","Mid-level Manager","Government","Administrative Services",0.692336984917011,1.02304175523824,-0.484320801756398,0.154116264957722,0.131742257260146,-1.01286339986519,-0.0139614512675648,0.420967172481676,-0.67383259078329,-1.4750524737113
"19","8mLDQHk3gy","Functional Leader","Government","Administrative Services",0.469810949234133,-0.33112315328684,-0.339805348803669,0.320807516349144,0.419345959476455,0.893095023063789,0.93909801209661,2.70975376079464,0.240495289725009,0.449222591532635
"20","R6UOVZECeT","Individual Contributor","Consumer Goods","Human Resources",-0.303619866051029,0.284723897083185,-0.162750285170749,0.95657486708738,0.629594719339828,-1.65758986770793,-1.38223602904132,-0.823064610581023,-0.192773590114007,-0.732158457412251
"21","5lcmRWNwLf","Mid-level Manager","Healthcare","Sales",-2.1371526695231,-1.17474937555323,-2.07666170278406,-0.279779483095058,-0.127007027512409,-1.53744073883561,0.215151669637982,0.248120600091085,-1.89806928850797,-0.120812802481222
"22","VP1pr7cjGI","Individual Contributor","Government","Legal",-0.978161291417885,-0.779709143588027,-0.544612039516616,0.620864052012813,1.15651828695779,-0.159197113810578,0.759387245374321,0.728617597105969,-0.394139182952692,1.01545615025287
"23","fxuG7zFvAr","Functional Leader","Retail","Administrative Services",0.385045895891126,0.856722905681122,-0.164898804840781,0.313393698425271,-2.06271012286386,-0.057495097967386,0.365379871884728,-1.45894530389915,-0.355109180729831,-0.0556453110642043
"24","DJeurKCswF","Individual Contributor","Financial Services","Sales",-0.659266236819722,1.1446023480455,-0.23767338192074,-0.101111988396553,-1.01839194767831,-1.13475049609091,-0.59081159133164,-1.69791396750554,-0.545446902943995,0.493528085045804
"25","Mns7SRVQwi","Individual Contributor","Government","Sales",0.670244814922767,0.104805011085751,-0.523403754669524,0.33833935101259,0.0578074167124029,0.473842136952609,-2.03134977485354,-0.00843259455304748,2.35192221694055,-1.00533515609346
"26","G6SofjnY7D","Mid-level Manager","Healthcare","Operations",-0.833213652776395,-0.233236718766675,1.13812559537651,-1.12659640051163,0.792587697756557,-0.576717924355146,-0.524821396597352,-1.41407869028274,-1.76291842652141,-0.157194016165753
"27","4wK1DWJt82","Functional Leader","Financial Services","Administrative Services",-0.310965140771669,-0.342705401829752,-0.302004660064783,0.387472345479795,1.73034717928105,1.20534929368655,-0.000118589822008059,0.847211491217889,0.314564672263637,-0.379629356604578
"28","IDeEGto398","Functional Leader","Government","Marketing",-0.470236650419768,-0.934851560012439,-0.57420995348988,-1.12119560657715,0.166436954696368,-0.926953106073285,-0.541188954121274,0.64635401152783,-0.597066455226112,-0.217879512803992
"29","CrQAF97yDL","Supervisor","Advanced Technology","General Management",-0.105799604598221,1.11666233743915,-1.60374883688924,1.43370893752783,-1.24286403889717,1.51933698593992,0.50378507551864,-0.030657682175926,-0.165171735485917,0.468078899606856
"30","Iso2pxqQ8D","Individual Contributor","Government","Administrative Services",-1.08196460053011,-0.575706010000984,-0.559992686671194,0.531599167254315,0.490776498407256,0.331591787421631,-0.445737947269981,-1.03591296570627,0.573950133767091,1.7393333329505
"31","OoyqiXm5Sx","Individual Contributor","Communications","Marketing",0.446225038915829,-0.749858969967709,-1.12609407220837,-0.743785784015809,-0.254007059374618,0.736100143280149,-1.10987279943477,1.28621701663022,1.35067264666166,-0.947330183280042
"32","qQAJkUBTGm","Functional Leader","Financial Services","Administrative Services",-1.09404352643054,0.472530973237024,-0.7144380124375,0.66398810631344,1.64254283244408,-0.262961901202352,0.744077522315864,0.765743180582897,0.296410366996955,-0.260689200416363
"33","UyaGVqpikP","Functional Leader","Retail","Marketing",0.186455493066152,-1.5632863098606,1.30412263124573,0.298730128963132,1.67910049164947,2.07815536738517,1.84382776669413,1.57609076988366,0.459167502111216,2.47944936570413
"34","neu14QqEx8","Individual Contributor","Healthcare","Sales",-0.729333762385838,0.128364675536249,0.480559136923728,-0.0678791079940847,1.06966354265802,0.772743592619177,0.359654704872656,0.196337455196761,0.402095424489477,-0.759662390434968
"35","1VMzuJSURI","Individual Contributor","Communications","Operations",1.88231109396233,0.938660331473023,0.0457601549327904,0.30586199287193,1.34358147478568,0.31107817575322,-0.328566791628648,0.173540506191595,-0.288931560532293,0.362187945383984
"36","QGUkP5OVXq","Individual Contributor","Retail","Legal",-1.76514162734861,-0.0915657616579663,-0.28991746362944,-1.48209514856259,-0.409244065297243,-1.47811530004011,-1.75509777090578,-0.774216311074498,-0.992897512493023,-1.08619686659996
"37","XDl7UIKRJL","Functional Leader","Healthcare","Sales",-0.00832959229203262,0.264424136347102,-0.143941677181434,-0.971961351805764,0.623121411666548,-0.419688255244864,0.464784884915387,0.13990859257499,1.19312348253783,0.539707520594782
"38","CVbU17BIJ4","Supervisor","Government","Legal",-2.08806901990517,-0.965246030491614,-1.7414996844553,-0.859694270787843,-0.0680515987851271,-1.75066086872516,-1.23790610135657,-0.481612691003429,-0.27845795916912,-0.101906792099555
"39","6ZCNQuEr5J","Individual Contributor","Government","Sales",-0.610313722561846,-0.760328195197894,-0.0505322957021267,-1.51447413541972,-2.35519692260938,0.643052678208768,-0.866171711858892,-0.580195349663409,0.0594467737662959,-1.05425771773811
"40","ObciHWQM8j","Individual Contributor","Communications","General Management",-0.205277047542657,-0.5609709234026,0.360412576121062,0.465347618742167,-1.47914657370442,-0.439955467979307,-0.206739750544633,-1.35131236184578,-1.22328810854177,1.24096601092459
"41","oNnhjXqpBO","Supervisor","Consumer Goods","Marketing",0.152242807044998,0.518966565367186,-0.903322626810324,-1.10499590429436,-0.506794404392339,0.127067610793591,-0.468389042449967,-1.78216223780414,-0.187771512421713,-1.70202756684616
"42","sFPO3hMJ5y","Individual Contributor","Communications","Human Resources",-0.615298682525431,0.469915902713715,0.0995321658012126,0.233367108802267,0.333235221226749,-1.10544584471476,-1.75343251228504,-1.14647488115467,0.124178585689624,-1.01930812681001
"43","puRvYEhBfS","Individual Contributor","Retail","Administrative Services",0.709148898460275,-0.227720063063843,-0.403799833827226,0.923998000653571,-0.631635494593596,1.05517674944398,0.119759836144538,-0.298541992500717,-0.159759394047931,-1.07500737932155
"44","rLYnS5j2bZ","Individual Contributor","Healthcare","General Management",-0.363606315187801,0.592981359511577,0.401465058724194,0.281511227674875,0.0537384050807005,1.20840674980594,0.648148062059259,2.02543411210236,0.210803511387805,1.00603509057528
"45","N9l3mkTDn4","Individual Contributor","Retail","Legal",0.0416123989274592,-2.33748361522589,-0.986335826050247,-0.932250568912837,-0.0470687511610256,-0.226350012867888,-0.20991557852613,-0.0223022824139917,-0.875733441552141,-1.0989715778771
"46","leIuRnoO1F","Supervisor","Communications","Administrative Services",0.777124258275097,1.32257075166658,-0.0116166761344598,0.685540937177926,-0.711709801160879,0.157782785850924,0.903206835133224,-0.461604256775429,0.909954466364705,-0.251389012905949
"47","FMPA1GsZna","Individual Contributor","Healthcare","Administrative Services",-0.465764419490644,-0.214403405616,-0.710478871162618,-0.822995721244013,-0.350807941725676,0.113849611516173,-1.49564388865691,-0.400716366707516,-0.0728596597872784,0.0675517854331612
"48","mofcb4BIeG","Supervisor","Retail","Human Resources",0.109803194387311,0.266517750411756,-1.3446446892961,-0.368337470756234,-0.716860709415272,-0.898516454388367,-0.504108239496716,0.1183291756996,-1.39077419017955,-1.39362431594756
"49","uYB5s4KWUO","Individual Contributor","Communications","Sales",0.0127833648031736,0.270169793927056,-0.238573029920862,-2.06561517755534,-1.42152791562917,-1.80946618575559,-0.571566341145903,-0.427932396668984,-0.903471797071711,-0.974654211587996
"50","SNU9aMIqk1","Supervisor","Advanced Technology","Legal",-0.588595986576109,-0.758272280511268,-0.802341745530621,-2.15974534562676,-0.451055102877759,0.139122770453884,-1.66149257174757,-0.739064433497312,0.890814679476358,0.537039137003993
"51","LhkW93Aui2","Individual Contributor","Advanced Technology","Operations",-0.941828929968639,1.10636713819566,0.326656633342991,-0.951517720949,0.194152789235227,1.01806015765883,0.674492814108853,0.950289354570642,-0.738154822802531,0.692566769263951
"52","CHcmYWixUZ","Individual Contributor","Healthcare","Sales",-0.848498713498781,0.552415203090347,0.26943588258325,-0.885779338297597,0.344885894852604,0.440338809115799,0.351996287990898,1.47261494054518,0.537295190924535,0.387165696790826
"53","xIdnvPl7Wa","Supervisor","Healthcare","Operations",2.22609959241526,-0.159752890100377,0.964488891444497,1.6953116501463,-1.02320614284512,0.491515824662413,0.986929396019983,0.204283971248593,1.12048607726171,1.18048811806321
"54","EnJpaZXwsQ","Individual Contributor","Communications","Human Resources",0.297409007716029,0.0722668938411818,0.393573000822947,-0.530889378337675,0.39529998833043,0.756673731360763,0.0628087771989,-0.534146555316503,-0.0404547989807374,0.560688798786774
"55","SrFidk83pH","Individual Contributor","Advanced Technology","Operations",-0.581224694542848,0.780543542308898,-0.368285788356932,-0.662651737247483,-0.648338815522142,-1.08152424802331,-1.25842598064103,-0.19330947952621,-0.415669801439591,-2.27283632327498
"56","KtxbEYAINP","Individual Contributor","Government","Operations",0.449570443468255,1.37196460501675,0.917078049872557,-0.718101040025797,-1.89881323101036,-0.0706261326058981,-0.650996057390536,0.402811236825041,0.794455762446132,2.20295182480541
"57","qJ2iCwTIlS","Supervisor","Retail","Legal",-0.253896630835793,1.0761936245074,0.504943075239694,-0.168038436405038,-2.41889166056117,-1.38566419692459,-0.425866787419257,0.369299145724895,-0.53372666046189,-1.7739382085278
"58","fNLbTFJBhe","Supervisor","Communications","Sales",0.272116928073478,0.873144492081555,-0.0426557992198754,0.449215033818362,0.29275259944561,-0.561265357267007,1.22661949324038,0.159718111699129,-0.985125319420769,-0.872519109625707
"59","i24vaZMNne","Functional Leader","Financial Services","Administrative Services",1.03616817505286,-0.839490206776341,-0.551560531865311,1.02009557087769,-1.46784676925407,0.0739390128938847,0.109265760113599,-1.34441037946438,0.0111877652845284,-0.506383765547998
"60","rw3FGzPBfd","Supervisor","Retail","Operations",0.271696804463485,-0.225291394949208,-0.470395664403245,-1.25192265766093,-0.0175034827119923,-0.0913433194860759,-0.25955031114412,-0.465912312043285,1.72802115408526,0.00865300011482556
"61","fLgBVsXTHu","Supervisor","Healthcare","Legal",-0.0904022550609686,-1.29262931108356,0.22605398538127,-0.681406990364288,-0.639907301384184,-0.252490867532524,-0.279285583384625,-0.27733656925084,0.107028986059211,-0.696536622108399
"62","OUfBvGl7Z1","Individual Contributor","Advanced Technology","Marketing",0.167026841876867,0.415728062167255,0.816331101529874,-0.851499378670107,1.39051694698383,0.757648505767299,0.733914433527781,1.06141440201499,1.31478805234362,-0.115303710187512
"63","aPxE7ILNs2","Individual Contributor","Consumer Goods","Human Resources",-0.593123172374858,0.670618110159491,0.153950444076947,-0.509106078897277,0.963308379832769,-0.562570680690315,0.786354743674066,0.0253836334133726,-0.527882661621262,-1.23430983293165
"64","W8d75eoGXF","Individual Contributor","Healthcare","General Management",-0.0493507352947466,-0.543981844778721,0.994582241021942,1.62086373443421,0.797986549120707,-0.822999392786359,-0.640203147325021,-0.659866767688898,-0.770726375047216,1.87633085728248
"65","kjibHCmvXR","Supervisor","Advanced Technology","Administrative Services",-0.144686437965489,-0.915531101507901,-0.578406688565516,-0.520307796183883,-1.01359916438172,1.7761418872657,-0.6748415707619,-0.901242849684469,-0.128959226695613,1.35029648774443
"66","ZwBCnG8USO","Individual Contributor","Retail","Sales",-0.9079144131547,-1.46029823408818,-1.73255577823368,-0.80885666411861,0.508662304719746,-1.44273786870528,0.623045209873921,1.21939213203381,-0.402442857497417,1.71374253343843
"67","4R31XonMbG","Individual Contributor","Government","Legal",0.130889224350646,-0.605241869913803,-0.0868159444479155,0.543714136799194,0.190942728547656,-0.431228531698908,0.435503487257913,-0.51568183470936,-0.604837283017149,1.73913785613663
"68","HG3UKcJ1P7","Mid-level Manager","Healthcare","Sales",-0.0843473737030145,1.17710651434679,1.29031220639012,0.675048178709824,0.886136574585786,0.126193907734639,-1.21317166100281,-0.222098384258315,1.46515652610992,1.72570912465663
"69","iA9lz4LXZr","Individual Contributor","Advanced Technology","General Management",1.08941759358009,0.633056069131249,0.433541556448267,-0.985455003705345,-0.673239365617282,-0.913437745054219,0.455203732771684,-1.35044933292937,1.58476650638539,-2.12152989241838
"70","tNFwJEuPDb","Individual Contributor","Financial Services","Operations",0.521507678536769,-0.672092824535582,-0.238401029709185,-0.225564021663406,1.06990044339243,0.173106993136065,-0.134237511349971,-0.139954653980106,0.560121215799301,-0.273439134239968
"71","SB9ILHqxhU","Supervisor","Healthcare","Human Resources",-0.652582847656924,1.69904636050052,2.7046057567142,2.05528450099027,2.5455775837914,1.55162933814669,0.398346024614639,0.41386608273893,0.558242056611856,1.01075382349658
"72","7Vor4UceNW","Individual Contributor","Healthcare","Human Resources",-0.43060590750123,0.816314455649195,1.28443640376171,0.579896375250154,0.512478084703121,-1.09168640535396,1.43668374491182,0.128964654582688,-0.642012747113111,-1.28336821132485
"73","pmIna9ZiUh","Supervisor","Communications","Administrative Services",-0.45274566726565,0.700961298495393,0.579220842853782,-0.522921443690602,-1.14484094130136,0.0504368666412314,-0.490612951636521,-1.23946654552373,-0.269901452750723,-1.43025266072963
"74","swe9VI4dZU","Individual Contributor","Financial Services","General Management",-1.38786407040711,-0.63476277306123,-0.602703462094819,-0.120545578782106,-1.57393929128954,-1.96780123709375,0.954738912915171,-0.360411848981752,-1.42788334280042,-0.171518724321131
"75","OUpNtufK6g","Mid-level Manager","Consumer Goods","General Management",-0.51088653268253,-0.172882612254937,1.26093842522429,-0.278203367420566,-0.362369475735858,0.094218732261611,0.440721144660658,0.721755093315527,-0.190474659630119,2.17877555543913
"76","9jMFlqW1dQ","Individual Contributor","Government","Operations",0.73423812006197,2.07716289348245,-0.0868261050977244,-0.122345432069937,-0.290792109779081,-0.438774881723345,0.482615081325137,-0.0439568199010515,-1.82753670230355,-1.00219021800006
"77","8xE3mNbAMY","Supervisor","Communications","General Management",0.358074921910152,-0.601089811168263,-1.18573148947134,0.49741977607398,-0.0277743873076989,-0.525758791286386,1.01162391875167,1.05842505349944,-1.59198728563774,-0.359191777088945
"78","mpcSLoalMn","Supervisor","Advanced Technology","Marketing",-0.388405293679131,0.195770942628505,0.282506189662398,-0.2204711958388,0.191963147622092,1.19557679029547,0.675348665049145,0.931756007316217,-2.06404239225347,0.211471973207707
"79","5MWbw3fxhv","Individual Contributor","Financial Services","Operations",-0.438580110885465,0.107390710133619,0.0589498419369746,0.287447079555009,-0.382134876506072,-0.107724811395999,-0.227391054833205,-0.961363341736453,0.247006630386114,0.187904322861838
"80","e18UpstgJH","Individual Contributor","Government","Administrative Services",-0.454474055769464,-1.04273897468682,-0.358882924093327,-0.320033325417839,-0.188580138983874,-0.682971819914549,-0.660850416827432,-0.269240759304546,-0.845939921680777,0.676081550377279
"81","vzZAVGTUlf","Functional Leader","Government","Human Resources",-1.23865213622403,0.151304011130364,0.235697942469676,-0.669834002009914,0.788391197167354,-0.753023245368317,-1.14767210455473,0.553212987191338,-0.701604439178685,0.409510646074856
"82","EAef4xtHah","Individual Contributor","Government","General Management",0.836941837364291,0.0950628221322531,0.192396211742669,0.671472128369653,-0.142065647790069,0.327140366531319,0.640783548112221,0.24631043799157,-0.103517690659941,-0.908451637659963
"83","3uJCprkqdR","Individual Contributor","Consumer Goods","Legal",-0.530930212188744,0.368214367254216,1.56821343422753,0.103429769829045,-1.72379294186654,-0.333396970279867,-1.09010307029853,-0.234402436742895,-0.090275586441085,0.528782611378111
"84","J5Gr6B7hDa","Individual Contributor","Consumer Goods","Legal",-0.420100051637064,-0.683783837683428,0.40706592491256,-0.664127655399512,1.34343187637811,0.715971210951615,0.137513131682311,1.6874725604073,-0.0854187179521556,1.00511511021969
"85","h9HwBDXoGW","Individual Contributor","Financial Services","Operations",-0.95164667051179,0.173300064782301,-2.52256520166238,0.675891917141308,-0.660696972469043,-0.294988964034128,-0.255017072118962,0.622696397220995,-0.413533621659145,-0.32245140993914
"86","vi43NtyhGQ","Individual Contributor","Advanced Technology","Sales",-0.974348741102556,-0.662935462049061,-1.45436176231699,-1.96201127463957,-1.43163853848095,-1.78724734870588,-0.952622698101177,-0.630511847299438,0.177379945152964,-1.37306564575965
"87","qERpsc8Z5v","Individual Contributor","Advanced Technology","Marketing",-0.390329995380159,0.50889979182453,-0.833552586201632,-0.674047173116102,0.508595214268279,-0.930504587421758,0.447992232896378,-0.176434005901124,-1.969275722498,0.13830573123412
"88","CWIjXL9nog","Individual Contributor","Financial Services","Legal",-0.690057271804217,0.604895140722966,0.902338826258914,0.526700516305124,-0.885140193258697,0.0322945212675748,-1.41046009123311,0.203992565845783,0.96040019490476,0.15248466353212
"89","tn5qhKBO8X","Individual Contributor","Financial Services","Sales",2.26432615154166,0.158170905546876,1.36040363105979,1.53766032761381,0.759184551056496,2.50370380448677,0.0049501711740297,0.903009626830355,1.68967693902223,1.62047120237812
"90","KYXp1s4yvn","Individual Contributor","Communications","Marketing",-0.936231777649174,-0.894116782452192,-1.15637260720157,-1.19391888099779,0.479767400149906,-1.72082193942147,1.16694418476311,0.305264757767734,1.64136431386239,-0.775981508918371
"91","r9x3wY1hBq","Individual Contributor","Consumer Goods","Human Resources",0.924031236576773,-0.0364852846992894,-0.468778325106416,-0.110015123542284,-0.340127053774626,0.0950303693186723,-1.21246955801887,0.372781037243976,0.898748940648996,-0.168659084363935
"92","Du8b2snM5Z","Supervisor","Retail","Marketing",0.53450279580848,-0.764295021698235,-0.401006947971666,-0.645762419266544,0.44349850397981,-0.90877815601556,-0.789268075705038,-1.56877021635216,-1.45003138607889,-1.40392701719717
"93","R4qQkcw9W5","Individual Contributor","Advanced Technology","Legal",-0.141901252059836,-1.19875177381523,0.160605612798998,0.453961801713736,0.554605149287121,0.562747823877195,0.624760247177005,1.72863744237416,-0.470155633789387,0.670721971846414
"94","B81PDNI7KQ","Individual Contributor","Healthcare","Administrative Services",0.139211965274784,0.183533979897608,0.634220736960447,0.392020015941947,-0.401516196600967,0.438229113624693,-0.00637115592945667,0.194113047893164,0.497211345504979,0.109775774361752
"95","t49U2vJR1L","Supervisor","Healthcare","Human Resources",-0.687265655472851,0.14892463855134,1.09997825925363,-0.592603206909936,-0.311081522749934,-0.19543786290667,-1.56183132286191,-0.941518154652311,-0.874954345559946,0.245919325654883
"96","hHfozkMYiV","Individual Contributor","Communications","Human Resources",0.124840246672755,0.79680178355742,0.379121534435775,0.00196566548771288,-0.346820030561733,0.665857798799323,-0.58551668080564,-2.36721697004497,0.407965771638008,0.1481845834531
"97","WfInTbc7wK","Individual Contributor","Advanced Technology","General Management",-1.08872940958876,-1.55183139476408,-0.592682432596713,-1.69287164358198,1.88162075809404,-1.40555641888678,-0.582727128696054,0.566794977739726,-0.414283310213658,0.388119409581635
"98","peDkrHXn6U","Supervisor","Government","General Management",-0.224718629487276,0.595418060103939,0.576518401896362,0.0494275566705455,-1.33949038280373,-0.747022282376911,-0.71054558088115,0.334281028900564,-0.84166699281902,0.831823045418749
"99","zQtBqZLal1","Individual Contributor","Government","General Management",0.929776993288182,-0.956161056541036,0.471522415452791,-0.191284753349411,0.069793721405877,0.715751263684863,0.808894610591046,-0.380931633901133,0.256580406094874,1.22177136323448
"100","DHn4cNtZxL","Individual Contributor","Government","Marketing",-0.356086581855771,-1.34571853803746,-0.107095114378726,-1.01950421784583,-0.0161672267390931,0.024779315654902,1.69459711764841,2.18518847483116,1.05676327296217,2.05044258752611
"101","YcxlBKzq6E","Individual Contributor","Healthcare","Administrative Services",2.17398038960877,-0.246741770524157,0.287655707086671,1.31917776687703,-1.72472208783918,0.986629137889409,0.901229181396641,-0.760790967664746,1.81869865126548,1.77627590635501
"102","uTWav29Zq1","Individual Contributor","Retail","Operations",0.271972054207721,0.575201074974732,0.441740377537533,1.22119274804463,-0.374443780804066,0.82738473911384,1.32165784911618,-0.0980522598612574,-0.305090877210273,1.85242635381684
"103","Ve38WnocTC","Individual Contributor","Financial Services","Human Resources",-0.593519853163618,-0.0272987756303166,-0.640404980260632,-1.48779655167947,-1.2451218348892,1.054641144782,0.474986992109067,0.536155397057503,-0.52277856621206,-0.0118481272855945
"104","RDNskjwG9q","Individual Contributor","Government","Operations",-0.297052937210948,-0.194734083949838,-1.7046202299145,0.213515512025994,-0.660402415829632,1.00132286835854,0.702691434860213,0.502020578121401,-0.946963733072306,0.553254508942998
"105","DmnP5o39KW","Individual Contributor","Consumer Goods","Human Resources",1.02791697625112,-1.42639936840194,-0.841474532595836,1.36027087782531,-0.0849875327968919,1.2887222089048,0.669710395984057,1.41159660815257,0.147787296801796,0.561615577076966
"106","m2QgMTOGuK","Mid-level Manager","Consumer Goods","Human Resources",0.540938099247814,-1.43785421987678,-0.259927625460295,-0.992227017226057,-0.532024185168985,-0.448863577907453,0.111048073161463,0.657423605009308,1.0988946222489,-0.616860441657352
"107","J3htSgYUzX","Individual Contributor","Consumer Goods","Sales",0.556877460683978,-0.377017585067393,0.790535775840681,2.04906921175023,1.67507138631739,3.23623736977341,0.912824259229324,1.0086639227814,1.14891830743089,2.25895975401649
"108","r2FMiU9Kad","Individual Contributor","Healthcare","Operations",-0.930493111606218,0.568145329248483,0.488611086312164,-0.318410517358079,0.88545416360612,1.17846180382512,1.07182901072482,1.65348444307127,-1.55511826761545,0.45191414813662
"109","kOQR5ujt8s","Individual Contributor","Consumer Goods","Legal",1.96436020825422,-0.0417315865746962,0.39550292125171,1.22607140093561,1.14164451295395,1.56179995020715,0.254791397674203,-0.827420635436176,-0.709659845663754,1.10623087708045
"110","zRmvH4oBN7","Individual Contributor","Consumer Goods","Operations",-0.517558021334111,-1.60604390382212,-2.02232616745707,-0.566021593746062,-0.423963873492035,-0.853630376845313,-1.8990952500809,-1.17448449982917,1.20419654993428,-1.90467631015958
"111","MYI4mElwZ3","Individual Contributor","Financial Services","Legal",0.201718006738549,-0.295323908101888,0.441589391041565,1.25274953443089,0.605424411235389,1.02596180171571,-0.67262859991877,-1.3026347686084,0.2412641107163,1.28317653904067
"112","97IqEz8Uno","Mid-level Manager","Consumer Goods","Operations",0.987442825973841,1.56355730965374,0.291157235032167,0.846663199786601,1.79737648186571,0.772763408449869,0.918258006591305,-0.0531708860805737,0.751521021885937,0.146400348863894
"113","V3fcuE5rzN","Supervisor","Financial Services","Operations",-1.44556771272516,-0.866966533912452,-0.138765614359097,-0.598416373050257,-0.52403969999652,-0.270036766033992,-1.09117250262695,0.601039666990761,0.653021454205216,-0.933534934776052
"114","YkhMjciCfp","Individual Contributor","Healthcare","Legal",-0.314200726223309,-0.553172374299114,0.498863142615697,-1.25391412969568,-0.279626426343221,-0.507925693608605,0.242492994407684,0.0458906679390399,-0.204834038496374,0.426348281196488
"115","xBwkFeanRy","Individual Contributor","Financial Services","Sales",1.45564581141307,-0.326809133338732,-0.804070886917533,-2.34191925878155,-1.02473490638687,-1.33172618443743,-0.0431226836775849,-1.85018323106432,-1.76537243376527,-1.09520275242808
"116","yr6Jhe3R9n","Functional Leader","Retail","Marketing",0.707548351645036,0.378207910040584,0.209189591769077,1.57967795639935,0.851149103284483,-0.111478941346398,1.74824134962421,1.18674564257559,-1.27384450317338,0.668496627445893
"117","ZgUxcpYLv3","Individual Contributor","Retail","Operations",2.39121581471268,-2.16082524546473,0.865743224171204,-1.31408720409225,-1.04296603501253,0.107975600848168,0.452190834815875,0.128687539047743,1.12939798629646,0.505701229900595
"118","XrejwchnKb","Supervisor","Communications","Sales",0.497213481860585,0.114523626466109,0.718227636080395,-0.253859290796352,-0.162648792929721,0.687865557863815,0.179295774119892,-0.666862033610441,-0.417476966974086,-0.877489999220513
"119","JiEn6BzfIg","Mid-level Manager","Financial Services","Operations",-0.430365338642697,-0.928674600274223,0.403200967321121,-0.490398865228264,-0.20490061112882,0.237011695905865,-0.645655584370333,-1.86337096029457,-0.843421755287364,0.448514707333313
"120","SRgCHOBlmp","Individual Contributor","Consumer Goods","Legal",-0.652472214687637,0.386730399830191,-1.05918165052289,-1.36764008523707,0.187721909065357,-1.00480780993616,0.710763838101579,1.69302979959251,-0.572844622849209,-1.4511857376181
"121","UFeXhCuj2w","Individual Contributor","Retail","Sales",-1.62997958742707,0.619669556855551,0.214815852381463,0.398374161253583,1.43460983223501,0.608383611276548,-1.13240873591529,1.08435998911354,-0.286923558055646,-0.521527458407307
"122","KiVp9N4vCe","Individual Contributor","Consumer Goods","Legal",1.26705579522767,-0.312105998454598,2.57266827453769,-0.297561608211122,0.148767285894247,1.03825114191933,0.975326102508889,1.61472763748625,3.42266246988001,2.42397000953183
"123","uNhHvRpbLV","Individual Contributor","Financial Services","Legal",0.87730574664927,-1.2718898615741,0.675925430185887,-0.562663704432947,-1.37065696689219,-0.619354702849625,-0.450264987228414,0.663664205375585,1.72846122234068,-0.832297088809831
"124","DgXtzqLmeU","Individual Contributor","Healthcare","Operations",-0.435816925151676,0.817873271110922,0.730702995969117,1.84597651016541,0.988547311546619,-0.0383607757672186,-0.923553307078801,0.0143510281157718,0.246207261053953,1.69460649010138
"125","UeRJSZ5Fd3","Supervisor","Retail","Sales",0.444764834894158,-2.04352504585901,-0.902524112952291,-0.285317925105989,0.316604362875406,-0.889730077454625,-0.212993360825413,-0.709962181698992,0.0412587681275872,-0.769292211218143
"126","edLbHf71uy","Supervisor","Financial Services","Administrative Services",0.904630562704836,-0.996678949014174,0.331248853576043,1.54719698505383,-0.375476840196233,-0.515520525954849,-1.26308391436917,-0.611571427457709,-0.770684757176137,1.12893422466054
"127","2e4X1czuME","Individual Contributor","Communications","Marketing",0.992119241212856,0.0501716645820652,0.819401287774952,-0.856645330865138,1.7712968712622,0.309532457828673,0.490776810866545,0.609056430990815,-0.368195646006023,0.636315652768824
"128","NqFoTQ84Jd","Individual Contributor","Consumer Goods","General Management",1.13920908494271,0.208718884928557,0.838182176825758,-0.517429503898323,0.434882007904451,0.958325328899591,-0.148167064384859,1.22723132536345,0.994768754334274,0.774004508245609
"129","RWa8blNSVH","Mid-level Manager","Financial Services","Human Resources",-0.45600146127972,-0.206649874285563,-0.00404778185535348,-0.770362810381274,-1.27496132689602,-1.94665811436213,2.46164222295175,0.617639806939463,-0.620392772630698,-0.517344607756899
"130","UhiPIHcKBr","Individual Contributor","Consumer Goods","Human Resources",2.06570795098012,-0.137595747008932,1.07013836181931,-0.28532811051001,0.199517073092169,0.616978387055438,-0.135511118190474,0.909232560738781,0.150446379815061,0.710606097069028
"131","9L4yjWMprx","Functional Leader","Advanced Technology","Human Resources",1.189178947492,-0.64801861141991,2.02008708381917,0.429295232716467,0.111389512979893,0.343232774500244,-0.371675437400462,0.309377291034887,0.564005334944397,0.200783252128751
"132","ymxKhYcnX6","Individual Contributor","Consumer Goods","Human Resources",-1.1305548247821,1.09727990223236,0.783182200535193,-1.07463194913324,-1.04983595684943,-1.76004666571364,-0.661846633274819,-0.566355381730573,-1.50789077780917,-0.974163644865907
"133","4Tqtj2gmv8","Mid-level Manager","Advanced Technology","Human Resources",-1.12767383143684,-2.06924750557958,-0.421280317756681,0.22036211927722,-0.908586447556623,0.154813484942445,-2.16604064244991,-0.331563781885454,0.268866255135456,0.911971138868417
"134","2A8GcTulag","Mid-level Manager","Advanced Technology","Marketing",-0.104655618811092,0.223219733478901,-0.698969329506041,-0.261613469849382,-1.15782735753758,1.11540437245284,-0.535334481207296,-0.201833647361214,-0.780561363923606,-0.678228821102474
"135","37FBmhfyun","Individual Contributor","Consumer Goods","Sales",0.409490467419715,0.37690050276519,0.782142272050031,0.579275429284263,1.09019212192149,0.552611120571984,1.52244730654934,2.29086721575862,-0.682679773140716,-0.331878880303347
"136","zfFwpQUbM6","Individual Contributor","Healthcare","Legal",-0.162289950357564,-0.12980532644377,0.061451310508555,-0.845079022200333,1.16953066015651,-1.12681945626526,0.277350227849292,0.0505662701765212,0.938069691389298,-0.880487945396686
"137","9TtP4WeCRY","Supervisor","Consumer Goods","Marketing",-0.247357473666898,1.01665347319886,-0.13623814119447,0.305060274124402,0.512933786159474,0.682741739126675,-0.794280458698089,1.50572882235874,0.794292382024845,-0.129478789216427
"138","Y7HmKLstWO","Individual Contributor","Government","General Management",-0.713605663501965,-0.893508142471038,-0.82233920409842,-0.472063563217889,0.157593110087294,-2.60992475297224,0.0124379683206168,1.07554007795442,1.11940467663851,-0.295871277402709
"139","jYJrUP9TgL","Mid-level Manager","Consumer Goods","Human Resources",-0.365530743452894,-0.559782442163866,0.956903431355645,-0.717872589158878,0.125621276514528,-1.26945933895653,-0.959595662255517,-0.582637712394132,-1.34772288611493,0.355723489896736
"140","g85oKwNFj9","Individual Contributor","Financial Services","Operations",-0.363116414146599,0.428870831835581,0.446236512806666,0.174738074861931,1.19060093570107,1.71140647272115,2.05902576975635,0.949217950975168,-1.3343035886327,0.60708074653977
"141","olWTRfn7pw","Individual Contributor","Healthcare","Administrative Services",0.0720902141319697,0.473434291919329,0.77776173146034,0.552539736924312,0.740230620326107,-0.464725071455365,0.187080820627543,-0.379128529174366,0.0648351154585451,0.367069026197614
"142","HQYIS3Jusb","Functional Leader","Advanced Technology","General Management",0.486186996113495,-1.41839474681733,0.793558592273474,-1.48752031076393,0.3808557670125,-0.108719986081561,-0.264996102519322,0.0895451619858656,1.49323803501429,-0.983873354550164
"143","O4QEyYlnT6","Individual Contributor","Consumer Goods","Operations",-1.06264216160605,0.10494640524734,0.959728963817291,-0.201403259773311,-0.599067020260089,-1.61948043651832,-0.96866118322584,-0.63319945260501,0.632331361165413,0.508582038994038
"144","xnO4sR2oCY","Supervisor","Financial Services","Administrative Services",1.40233067164632,-0.221915110997695,0.407604502175044,0.623348849880075,-0.654500556200932,0.132692704781398,-0.491288451532538,1.02267567123015,-0.0428470333925096,2.48343731226098
"145","TmKaP1dQJt","Mid-level Manager","Healthcare","Human Resources",0.751344293801532,-0.326555750921932,-0.0634695592595666,-0.675658901490466,0.791708084082821,-0.674133264767916,1.08917314239888,0.562090483533994,1.30980493034865,-0.177096107477514
"146","YGu9TOPwyl","Individual Contributor","Financial Services","Administrative Services",0.976868637916268,0.87005862804284,0.308126345772743,1.23176151128854,0.167555736279064,0.558247955518436,-0.283677859083986,0.269297090940619,-0.294607734453365,-0.627573568147794
"147","uRqECcrYAZ","Individual Contributor","Communications","Sales",1.19765918422197,-1.00106044137408,0.819417052926097,-0.216441316888978,1.21487358491433,1.05721123628934,-0.568964682355538,0.840870773751436,1.98827309322465,-0.0861379733984817
"148","RYKqWTzklJ","Individual Contributor","Financial Services","Operations",0.482344723130504,-0.172584770737832,-0.2043233186217,-0.1375349018568,-0.0691503799278698,1.10132813149644,0.272327435749122,-0.112925560340228,-0.819059991018427,1.15755382345617
"149","VgjxzEJXdK","Individual Contributor","Advanced Technology","Sales",-0.850310367091969,-0.274083428103154,-0.23584720095456,0.239767075335401,1.04126703393988,-0.0311248353783464,-0.484854927186378,0.328182744064566,0.30007276502847,0.691302964253871
"150","kHhmgUDTEP","Individual Contributor","Retail","Human Resources",-0.855326004061764,0.974516147097804,0.922842364277354,-0.601345662112519,-0.570829632843383,-1.55760054988644,-1.27330114758033,-0.506293500075061,-1.10992248523599,0.158903312981035
"151","q63rRJko2g","Functional Leader","Healthcare","Administrative Services",-1.8161262407745,-0.284993991031748,1.10385477039779,0.510202577204111,1.87972595499228,-0.638544817066798,-1.37850300764758,-0.31643234004398,-0.905081073210193,-0.0936828092661507
"152","LbmA1B3Wod","Individual Contributor","Retail","Marketing",-0.433587656371288,0.348410305056508,-0.305812432737021,-0.336999062913764,-0.841187385874257,0.415034307378743,-0.425320527414487,0.0502202276633662,0.900850103431498,0.530710164672788
"153","OCsrQXYxv3","Individual Contributor","Financial Services","General Management",0.71918648454826,1.25429512816378,-0.295720854602239,0.474410673114407,1.33617446348341,0.381238513043095,0.577986632443681,-0.155281775258462,1.50011639791195,1.40621766003437
"154","BposznwtxN","Mid-level Manager","Retail","Administrative Services",-1.62192930522158,0.169259456338105,0.329529736912673,-0.120157915028262,0.374731921971564,-0.347233361308252,0.262039186684589,-0.796944496749836,-1.83975418210753,1.35748557712685
"155","oT4tfxdavK","Individual Contributor","Communications","Human Resources",-0.859968642453221,1.22087988592371,2.2661989844439,0.346124965374331,0.0823249414183001,1.31280203159394,1.04316518931649,1.22798160650553,0.182325089249841,1.74284582990333
"156","48CcPkTrNf","Individual Contributor","Government","General Management",-0.66706592171109,0.06217004450209,0.931634610221439,1.09376187054869,-1.16566944056433,-0.906792295263978,0.657189584362246,-1.19673499106883,-1.0417873392265,0.811097199484302
"157","sgbr7Y1Dw5","Individual Contributor","Government","Marketing",0.630062339553386,1.0517835927729,1.4347331542571,1.51821601091665,0.014960032157262,0.283470709175101,-0.773167204643698,1.11233526859463,0.144107055341837,0.120884279917791
"158","ColDLGVqSW","Individual Contributor","Healthcare","Operations",-0.168675542976346,0.2940105963364,-0.587910916382416,-0.179176477510188,-0.687367570157446,-1.23466040541951,-0.569699353435505,-1.59789691844569,-0.362564094352642,0.135807595665913
"159","RMd2IUpfsh","Functional Leader","Advanced Technology","General Management",-0.421828485346522,0.341738289691027,-0.311808334880315,-0.279994308946425,0.598169231721832,-0.786432848771253,0.605905454746879,2.47240011269863,1.9867473226503,-0.0129348128832375
"160","dAMtYbgq7O","Mid-level Manager","Financial Services","Marketing",-1.12609634043666,-0.74019724948183,0.325747347868475,-0.15297107620025,2.57895503890405,-2.06961988880979,0.733812807564985,0.738077113038481,-0.752442522344563,0.914861074128676
"161","8mrPqDO6y7","Individual Contributor","Advanced Technology","Sales",-0.659498965178307,0.529285666900422,0.839953733821825,-1.67399360137811,-1.6496100442919,-1.59554881225709,0.277935593934118,-1.17692519353101,-0.301156781193801,-0.682859706577778
"162","LlfOC7Sq91","Individual Contributor","Retail","Marketing",1.88619078962246,-0.986233374117852,1.17903487975781,0.270993566675211,0.078145436657724,0.405206389387781,1.35697534234408,0.628245289891084,1.3518306755541,0.532631890463881
"163","K4qJ1ARPC2","Individual Contributor","Communications","Operations",-0.485528188047435,-1.17688620135281,-0.473468076180374,-1.01838802581755,-1.26649666686678,-0.421125346574319,-1.06135704316704,-0.663833345642442,0.882906537576179,-0.797874560811391
"164","9uokmTxzKr","Individual Contributor","Advanced Technology","Legal",-1.96469255438933,0.618851496168535,-0.41051905657977,-0.0635453020054959,0.820846527988692,-0.619002503637242,0.0410501431293943,-1.35464657874908,-0.972956189885504,-1.93739148872087
"165","LY2PJnzGBr","Individual Contributor","Healthcare","Operations",-0.249102562865494,-0.0693993970404666,-0.1365864109214,-0.796945945503586,0.527671541827337,0.0143888919654556,-0.307436916225148,0.379911517497447,-0.26663044014929,0.753449403313335
"166","Ezj7Rc8PnK","Individual Contributor","Consumer Goods","Human Resources",1.05093164590377,0.513476419072657,-0.483066991438127,-0.446852171644263,0.797980418504562,-0.965552002752396,-0.165868865045377,0.313983287421921,0.161513121903459,0.0920728501005802
"167","Z5bNATPicW","Individual Contributor","Financial Services","Human Resources",-0.986142312899032,-1.09492961837556,-1.09981783454424,0.541519455558352,0.348833743389546,1.31032405502081,-2.07806095533955,-1.14005347019091,-0.861454049432925,-1.57921373337873
"168","hU4sBnC5b6","Individual Contributor","Financial Services","Legal",-1.05266653316001,-1.36071532978498,0.0502845140767709,-1.56812909835306,-1.17241495151682,-0.818088146718404,-0.883118090754647,-2.92420132946564,0.117705862769406,0.122381760368813
"169","AX3R21uK4Y","Supervisor","Advanced Technology","General Management",-0.300773139565263,-0.294910804312621,-0.278360266441348,-0.512741955268848,1.08478953257055,0.220845323648696,-0.322191145249416,0.80824993367188,-0.040464733668414,-0.828707341692885
"170","SN1XqErjzA","Functional Leader","Government","Legal",1.33128373622681,0.807110910895689,-0.986220029528187,0.800176840860129,-0.175840130091248,1.05333222250815,-0.113257981485474,-0.0455233348736482,0.957719435970173,-1.59876910194047
"171","gMi42JaOqN","Mid-level Manager","Financial Services","Marketing",-0.70269749758165,-0.69202691694055,0.0710402763683078,0.0979591630808738,0.696267542794584,0.287549342240043,0.966425890137774,-0.35106939758794,1.06470615314648,0.551611273353863
"172","nWN7ua1tIR","Mid-level Manager","Financial Services","Legal",-0.090660169812399,-0.972701995517451,-2.88234430863249,-0.840048657277099,0.930604096945017,-0.657093978649045,0.177445927963012,0.669493834550472,-1.07023984511472,-2.06178178449213
"173","yawIigDLSb","Individual Contributor","Healthcare","General Management",-0.0250025077609236,-1.09526362057527,1.18376605191044,-0.932181777730541,-0.556731073212262,-2.0546432748806,-0.507138150802751,-0.901415823880758,-0.31100581797256,1.31313430333534
"174","yoU2DRlqzd","Supervisor","Retail","Administrative Services",1.19833280401775,1.36562212192958,0.848265663500828,-0.718183551739423,-0.645850360130517,-0.892923365576117,-0.0331932690520615,-0.539535615531703,0.160300611077848,-1.49134108592844
"175","3lHDRA94p6","Individual Contributor","Consumer Goods","General Management",0.517275009275617,-0.398009033449112,0.0803410430152798,-1.29164942285514,-0.942054753416618,-0.165202568025835,-0.668020368071929,-0.866531973249762,-0.798395974434226,-2.48175892180181
"176","ZpqbmJ3ALi","Functional Leader","Government","Administrative Services",-2.44308472002038,-2.48301484714777,-2.11348246816402,-1.16243694683014,-0.816836965118294,-1.26960546635378,-1.44714780759611,0.205450414315128,-0.656817402938549,-0.133603581088288
"177","BQPqE8N1yA","Individual Contributor","Communications","Operations",1.17502753795517,1.00522263093627,0.176593265333291,1.24492270567329,-1.01876782683479,0.772679008091378,-0.785457426763596,-0.432158803231437,0.962833080777708,0.164817534761623
"178","aiGCoExrtm","Functional Leader","Consumer Goods","Sales",0.631757044633017,1.20081591921561,-1.08453380045783,-0.326661624474901,-0.112240304849453,-0.12251328033868,0.962907179686027,1.14662383385968,1.88121744503631,-0.328788610727691
"179","Pgu3nfM6Cc","Supervisor","Advanced Technology","Administrative Services",0.19284872352683,0.756831200445688,-1.16281825787906,0.40323697779041,0.978195745854892,-0.283628207420308,-0.539081524502394,0.410969897107829,-1.122614850827,0.304794588367508
"180","DiH9BThtuA","Individual Contributor","Advanced Technology","Legal",0.70832118324644,1.78677223691809,0.438234682268162,-1.96681908819346,-0.256407994009207,-1.42630115468475,0.145834529016967,-1.00289371864698,0.347378914394553,0.685713800996334
"181","TxIdplitu2","Individual Contributor","Consumer Goods","Sales",-0.348237104952826,0.864907909897609,0.209538806129533,0.861482249376849,1.21821410523402,-0.764524995223541,-2.04041281192882,-0.644695049841802,1.41865179667839,0.0698504318243193
"182","91ZdUtDuhv","Individual Contributor","Communications","Human Resources",1.15669113124247,0.12619379678789,-1.00497973182906,0.44512338145887,0.982521666240816,-0.0421201731630247,0.809341086116933,-0.267195435808339,-0.49535024482157,-0.716242802747613
"183","3Kp61h4swy","Individual Contributor","Government","Operations",-1.54255489778063,-0.779326330547723,0.192252788260894,-1.97436453898409,1.52457405038351,-1.56257960717377,-0.507067506975242,-0.267554073023908,-0.674723234443006,-0.56412057379903
"184","RoxZdBhp2c","Supervisor","Consumer Goods","Operations",-0.745179284380175,-0.400907965839069,0.626973705128608,-0.139939055940723,-0.273877929309429,-0.347901541633447,0.738285271117001,0.333393826468878,-0.53087151561507,0.584101379375736
"185","Bw9PDyGILV","Individual Contributor","Consumer Goods","Administrative Services",0.0322306816739195,0.256424081460841,-0.617975291314862,-0.282250493111605,0.110610897079619,0.317674871261222,-0.396771510821636,0.117133001483944,1.67152873223653,-0.128699802260127
"186","2UOQsBKXo1","Supervisor","Consumer Goods","Administrative Services",-0.806978977059394,2.11081810979701,-0.0684443305197316,0.155151995878359,1.61028709036965,-1.00443241229976,0.495432641826301,0.821344860374438,-0.789261743974239,-1.24252988516204
"187","KqCAiQf9jL","Functional Leader","Consumer Goods","Administrative Services",1.2327390780592,0.652641930287935,-0.770930665312272,-0.659476876562299,0.280443261786503,-0.108103610218767,-0.810248946574338,1.74017852976651,-0.892697097047633,0.715245123154756
"188","BD473S8qpl","Individual Contributor","Financial Services","Operations",1.21712324959806,0.79616917882929,1.35790118286037,1.13347201673779,-0.0318699805686352,0.460323173192357,-0.982473824687296,-1.03706213616806,-0.330624849886481,-0.132670895229898
"189","5lYV7PBwNF","Individual Contributor","Communications","Human Resources",-0.937432028404143,-2.18869291038133,-0.355793122684434,-2.27886905962031,-0.704277515845155,-2.31478561579174,-0.397728827204071,-1.28196732507448,-1.03488213875279,-0.800709186363449
"190","XqMTbVkdKN","Supervisor","Consumer Goods","Sales",0.489963779143146,-2.4150701239972,-0.741693389267473,-2.83776727799858,0.701352496609073,0.0705046473599123,1.57669581595846,0.361707046789989,0.449133444634447,0.117986020731841
"191","HnNdJXCI4Y","Supervisor","Advanced Technology","Administrative Services",-0.763272569724628,-0.428628042611411,-0.0143199228466975,0.154199335170078,1.89594034788951,0.116218535741086,0.15624472783939,1.09072237880269,-0.783255733653063,0.619427860651907
"192","BiAPb2GEwv","Individual Contributor","Advanced Technology","Operations",0.528006683493862,0.392029534995563,0.435132514427149,0.266679686006899,-0.718124583847166,0.773964705901392,-0.0118257037766225,-0.627903357910129,0.171406843476632,-1.01546914085435
"193","YyRlUFaXZq","Functional Leader","Government","Marketing",-0.844991493491209,2.25305039365064,0.0956280863092877,0.0533191266757342,0.784459454723682,0.0121286463241959,2.42127523751937,1.10102900391454,1.48744217664204,0.176856513252428
"194","FiHvLExkTB","Supervisor","Communications","General Management",0.873488367016644,-0.81824339955415,1.22757030310405,0.304966135947361,-0.548341718396984,-0.198597759619138,-0.87628496551137,0.889809918116887,0.387894837448501,-0.549870935564364
"195","IBm71ZcSKO","Individual Contributor","Financial Services","General Management",-0.758231939770126,-0.0954920461117006,-0.650160306350064,-0.86221738524522,-0.246772462931769,-2.19042500700295,-0.278798896862184,0.415219041771703,-0.489626687258423,-0.772718829694527
"196","z4rYgpxkAE","Individual Contributor","Consumer Goods","General Management",0.914896513630467,0.468357654841098,1.72200475585949,0.00621192264482917,-0.174504792548773,0.14238527490921,-0.875794125606996,-0.582294164904238,-0.740756995298612,-0.309267071178458
"197","9fWLNdRPBi","Individual Contributor","Consumer Goods","Operations",-0.747877620037162,-0.0812567863784406,-1.00257594029826,0.170401318142809,-1.20572141443949,-0.289712212609853,1.26322253878065,1.02472214549121,-0.661043728412622,0.261998805478161
"198","QzK3AiUDEn","Individual Contributor","Advanced Technology","Legal",0.925148097475057,1.21895154405781,-0.017738793615171,0.934280789489071,-1.49431892454357,1.95594183883674,-0.0760192524032647,1.54156708538016,3.02316559620547,1.87690088798842
"199","liEZWqV8uP","Individual Contributor","Government","General Management",-0.50537259225172,-0.365356311938312,1.53168881095221,0.556167908135789,-0.215676933056783,-1.09430986754213,-0.989846081471047,-1.35296426825401,-0.874692311725735,1.64848666777473
"200","SoDITCeZ3Y","Individual Contributor","Communications","Operations",-1.90555106653201,1.37064444133153,-0.605903999099703,0.92622755260368,1.49006272138406,-0.388048283264557,0.27786818476077,-0.0550586578002212,-2.07261775628793,0.901191451883517
"201","mVb2XRPf7O","Individual Contributor","Consumer Goods","Legal",0.236615489494738,1.06857713527132,-0.260483761918823,0.389120524730597,-0.720008694828211,0.776291891301158,-2.93541136351659,0.0683229369136929,1.0408343544814,-1.25655875602921
"202","UhpLJBu9rW","Mid-level Manager","Consumer Goods","Sales",-0.942522093881703,0.765397800770146,-0.386947799008873,0.100822787202743,0.0716219362568379,1.22676575854631,-1.39122061007183,0.11448095356752,-0.820877216450321,2.03821213899062
"203","O1pAY9kmXV","Individual Contributor","Advanced Technology","Legal",0.340986968509455,0.0984431266498847,-0.356985502476349,-0.262800709827491,1.62358333742082,0.38890776117093,0.861863133197492,1.09700736045771,1.3859713572664,-0.287198792435998
"204","2saeqfhXci","Individual Contributor","Retail","Administrative Services",0.341721187650616,1.11272827790184,0.603047165396594,1.07126641652589,0.0263013607860098,0.162639347554518,-0.907511463603269,-0.567293270159642,-1.53860941179973,1.73260399690686
"205","1rRCIQbpgT","Individual Contributor","Retail","Legal",0.0418989039889661,-2.28707489492591,-0.83076433368283,-2.2625249450014,-1.35816172411294,-1.49920699519274,-1.74219330748714,-0.800402406231989,-1.35664330911013,-0.463307984489316
"206","VuqOefFpnb","Individual Contributor","Advanced Technology","Legal",-1.55845851222499,-0.574129767568382,-0.120477809690182,-1.71386356772289,0.558842008148437,-1.74710334482178,-0.961155397550958,-0.412564566817315,-0.495471503894136,-1.29591573181183
"207","6kXwcGPoCQ","Individual Contributor","Communications","Sales",-0.898305182056443,-0.852225676441286,-0.330928229688728,-0.445668750884659,0.44018029390465,-1.55488994566516,0.751592172725475,-0.457625956421205,-1.22834788592386,-1.23004030209488
"208","tvH7Ukj9pl","Individual Contributor","Communications","Marketing",0.534180479144152,1.10777094030711,-0.0906253812868283,-1.10906240434052,1.15007858090064,1.11064163899499,-0.636896044126054,0.156641084936699,0.791652684843435,-0.706395380817647
"209","PHzOKcjbBw","Mid-level Manager","Financial Services","Human Resources",-0.571325536406905,-1.22171806463674,-0.71569787634606,-1.05895006953308,-1.19659212081211,0.863032294489052,-0.227516813269725,2.17716629372753,0.905729336900399,1.72806629680242
"210","k8hTqWZ4jR","Functional Leader","Consumer Goods","Sales",-0.682875260499098,-0.924245755275644,-0.752684276734186,-1.01746975595158,0.406397037390202,1.05377369912421,-0.340992387263492,1.48789376158665,0.120110047091384,2.7251239945023
"211","CY7LR3XrNP","Individual Contributor","Financial Services","Human Resources",-0.371439538292839,0.869035849332228,-0.28144073851965,0.693598732999195,0.872792320774169,0.678919909308513,-0.259481396334103,1.0242454063152,1.04474305782105,0.058455303708909
"212","fewmyulRn6","Mid-level Manager","Communications","General Management",0.427985670725212,-1.17245129279764,-0.324047240577368,0.0362250898601094,-0.203698477288639,0.45165722985135,-0.13771377897771,0.629884226994656,0.812272363322124,0.303362626755642
"213","KZac48rRHx","Individual Contributor","Financial Services","Sales",0.211788753266335,-1.61337960124537,-0.0405306388494893,0.224623608953811,-0.0860199860667189,-0.558963734112804,-0.811138336043886,-1.12745095338784,-0.967458619913271,0.558675117147406
"214","fSqeJL4lhi","Individual Contributor","Retail","Legal",1.81588399126879,0.445864395476543,1.17865413062431,0.456204150691929,0.465731957900375,0.666568739628018,0.3814947833129,1.57887382797393,1.59796861976391,0.707282623796742
"215","IUGtTgPK7L","Supervisor","Consumer Goods","Administrative Services",0.520755532642314,0.25102237496801,0.44591342100362,0.0956495217538983,-0.7300930915148,-1.0869973408527,0.0506191777302636,1.00224155418065,-0.40756278969385,0.187893350491558
"216","PItbpOlFNA","Supervisor","Advanced Technology","Administrative Services",-0.33043070080588,-1.04992353430147,0.106745523539416,-0.794271392417787,-0.512240529923342,-3.30347639408494,1.3969234307511,-0.226767756542486,-0.964562228264871,-0.0958243882312488
"217","fsjK75u8OQ","Individual Contributor","Advanced Technology","Sales",-0.982051421358692,-0.430352091951078,0.596977883193286,-0.0195967937444589,-0.00798672076534104,-0.385148042793018,-1.35540312551419,-2.68203513494567,-0.577388462258257,1.00023992584087
"218","riVjqtgAc9","Mid-level Manager","Financial Services","Marketing",-0.601235353427891,-0.680317507412601,-0.123912309027728,0.000952103665012083,1.30733299947645,0.636032024099147,-0.302752687889431,0.264534942300387,-1.20294069087227,-1.07299349355764
"219","VDlBgWjnpQ","Functional Leader","Government","Human Resources",-0.0318020628013653,0.512354932741929,0.423510941188412,-0.271336252279261,0.930259034280998,-0.886550050708846,-0.610992040226696,0.344001779742802,-0.0842974825448496,0.644338121156169
"220","HRtvYM9shd","Supervisor","Advanced Technology","General Management",0.293300554658737,0.487226479380843,-0.693363537288462,-0.821196967846632,-0.102983415142753,0.478019882788524,0.619480998847086,-0.299289412482163,-0.651490711765736,-0.597871195107711
"221","6SfzQ57nyJ","Individual Contributor","Healthcare","Sales",1.15136350800159,0.385023738189682,-0.290927398712435,0.778477469296473,0.724654596870496,0.922021020501554,0.791353209794663,2.09270566560786,2.22170446395019,-1.06386966085362
"222","SQdBCLUkIl","Individual Contributor","Advanced Technology","General Management",0.867880062072787,1.06250914979326,0.691025932478387,-0.825246608106117,-0.122102461064424,0.340482789117948,1.11893149160683,1.35244842866481,-0.0520422694352296,0.374837906948956
"223","Fnm4BwOXEL","Individual Contributor","Consumer Goods","Administrative Services",-0.143417924916082,-0.97749416825007,-0.412068599166668,0.921986191896573,0.655129989594475,-0.11720083669858,-1.09199866843031,-1.45677219630236,-0.068591225951564,0.395246044484839
"224","wXuM3TFzch","Individual Contributor","Government","Operations",-0.83795482814922,-0.312595224818145,-0.596582779124235,0.174163155943725,-1.12938211467256,0.279276603518175,0.631062508434351,0.341145216749646,0.149728748922014,-0.29818779812336
"225","upWdwMmPDq","Individual Contributor","Communications","Administrative Services",-0.183568475049561,-1.1480571509255,-0.840234458395076,0.140554091818589,-0.219703923095077,0.473235988014382,-0.133082789198045,-1.58935178681486,-1.3605304966298,-0.183086833888004
"226","AVLBJe2f1s","Individual Contributor","Retail","Legal",0.0955586687600589,0.872915045803146,1.26324891983348,0.267911114757851,-0.503294016466257,1.41986978560883,-0.672969765898918,-0.865814528339201,1.15636793201057,0.750696158116226
"227","fUrGgvDXYK","Individual Contributor","Retail","General Management",0.0552578521349019,1.50164379413707,-0.0632663782502062,0.313855250294674,0.389628301461996,1.97891335361911,0.444123228250862,-0.0544791582044274,0.52526901159234,-0.0586844140621526
"228","Ne9YV5jZxb","Supervisor","Government","Administrative Services",0.266668241820948,-0.0632740348040079,2.2350102119639,0.564638849808588,0.293970449303015,1.05674238472628,0.637924307674284,2.59880031160525,2.00037340585602,2.27586036192104
"229","ClwkmLBMyY","Individual Contributor","Healthcare","General Management",0.869707577420759,-1.2829397022846,-1.80544454087039,0.814097632396883,-1.82176994977988,-0.74605014363355,0.312611885891759,0.236995013310082,1.59267636963985,0.477433846657651
"230","SDELqzhHAl","Individual Contributor","Government","Marketing",1.13736383661178,0.54688824019915,-0.329873467020278,2.53712163342828,1.16328518595897,1.84316675183186,1.10230030426056,1.19532099028203,0.908818853941251,2.57573481892039
"231","sgak1VyD58","Mid-level Manager","Advanced Technology","Sales",-1.54852343568119,0.738110491854784,-1.05530650689375,0.431420447682975,0.213064046455235,-1.44295558148609,0.459074353568524,1.26252003443765,0.202322336067754,0.291494155192012
"232","tF7VnuEl94","Individual Contributor","Retail","Legal",-1.72375665200621,-0.69740216231264,-0.334370365480104,-1.10659261054244,0.337103022363279,-1.81550088464366,-1.41649259231367,-1.51470417438199,-2.00671365169142,-0.177881137767703
"233","n2jDmetuzX","Individual Contributor","Communications","Human Resources",0.0212699598301538,-0.21343328536334,-0.31530618576785,0.886478719693614,-0.416438465780292,0.599892231579156,-0.106835948923834,0.871760897090336,-0.502372561385052,2.25070298751879
"234","cG1m4QnUEC","Individual Contributor","Retail","Operations",-2.00343622618487,-2.14736374775832,-1.17456146238214,-2.58592252215872,-1.0511258602004,-1.75476304160527,-1.08299202346677,0.488737069843191,0.62564044220409,-0.564786903238844
"235","xfg1ypL8WA","Individual Contributor","Healthcare","Administrative Services",0.268351593394914,-0.906140029593951,-1.42091236822732,-0.735263755382921,-0.818679986206936,0.627605666051957,0.168829970762251,0.118758897400378,-0.579627795881174,0.303522144822511
"236","SpaYwo9kdE","Individual Contributor","Communications","Operations",-0.984641808110809,-0.298425545137792,-0.226197168372349,-0.970294389349102,0.308869936029687,-1.19806063541349,-1.54493688164809,-0.175409828767968,-0.722095057699893,0.0409567345215086
"237","PDNfGR19tJ","Individual Contributor","Advanced Technology","Human Resources",-0.457527497193114,-1.51672637410408,0.651292017226979,0.823568096983717,1.87543937484351,0.307441113055094,1.13672610624648,0.852834872113144,0.887991177284764,2.94974876544788
"238","ORSYEZQyW4","Individual Contributor","Advanced Technology","Legal",1.13665584400095,0.644283389886205,-1.13394107437578,-1.60741444487274,-0.809488693880683,0.247676713080361,0.627121830265545,1.00435885056272,2.73139799737433,-0.915165124839247
"239","LrwA6WhkRe","Individual Contributor","Advanced Technology","Human Resources",1.96823900148304,-0.0536147847176226,0.422426270261903,-1.13893019715587,0.350159247893461,0.736389868830634,1.59789159846965,1.10801555694544,0.455204891227718,0.543327273286894
"240","EhDKBI5pkY","Supervisor","Consumer Goods","Administrative Services",-0.667300078341689,0.0107919441574951,-0.258120606628057,-1.80432650945868,-1.22914296217622,-0.705768498023782,0.275739704471258,-0.24303693813477,-0.875504984431376,-1.03789080720752
"241","9UuTBbOMLt","Individual Contributor","Financial Services","Legal",0.515880628599567,0.315522855225563,-0.142473267414287,-0.306333694555204,-0.675979442567061,-0.663014997308906,1.23739057055564,0.343826925959756,0.012866149221208,0.483858923228704
"242","3LxpBl7w5d","Individual Contributor","Communications","Administrative Services",-0.145807258730281,-0.82759224431885,0.632398217457411,0.179727139462173,1.33124169001128,-0.0283110763694353,-0.740172549854578,-1.50734555757612,0.616780021384917,-0.163689364638723
"243","2wkaZvLQ1g","Individual Contributor","Healthcare","Sales",0.873913127268577,0.0560486521948484,-0.10974486137553,-1.09579816033302,0.111342699731115,0.480969073206903,1.70164943092134,-0.124586202969319,-0.150518113642265,-0.271544403232616
"244","c9DJi5bygI","Individual Contributor","Retail","Human Resources",0.691380261609136,0.819261987442812,-2.68152322497474,-0.428403168211517,-1.67626584057483,0.88665048139845,-0.26789456845709,-0.656944947470073,-0.816082181244035,-1.20096835824241
"245","tZ1CLwXboK","Mid-level Manager","Healthcare","Operations",0.228716499527099,0.383353469811578,1.3903362089005,-2.37121359476042,-0.812389980587,0.309574222307344,2.00996964853282,0.674196475439663,-0.358308753027984,-0.781047990098028
"246","wptSiNlKFY","Individual Contributor","Financial Services","Legal",-0.148522875797416,0.269247456321498,1.82488457428921,-0.154840998152112,-2.33054681538778,0.157905367266896,-2.40611812105581,-0.78563573501065,0.405230630495473,2.26450964581175
"247","rR1e83GPsc","Individual Contributor","Communications","Human Resources",-0.534659138888494,-2.72524132085872,0.638080194040541,-0.872669616054422,0.0899073144568088,-0.0768565100746707,-1.42996774178344,0.208649454202526,-0.890170587951036,-0.000476208945357492
"248","Bp1EeLtbHO","Supervisor","Consumer Goods","General Management",0.11178716695901,0.660037287564455,-2.12549371252566,-0.155547060095604,-0.0712563687938208,-0.616422854012546,-0.415300629865728,0.545249147710257,0.432250785991549,-0.644852191274753
"249","WUKjcIPouL","Individual Contributor","Financial Services","Legal",-0.489267191320473,1.30565273583374,1.01672485232511,-0.140952098487375,-0.0861589144727785,0.308032522402455,-1.29790454649618,-1.14477959396879,-0.0629048360513683,1.01342920624179
"250","S23s5k7JWM","Individual Contributor","Financial Services","Marketing",0.18986362714612,-1.1758855002711,-1.53733827492236,1.30994600108872,-0.217229309140264,0.765616646565353,-0.606152824140419,-0.284515655839072,0.0832851712349472,-0.273322463167555
